feature_A,feature_B,feature_C,feature_D,target
10,20,5,15,0
12,18,6,14,0
8,22,4,16,1
11,19,7,13,0
9,21,3,17,1
1
13,17,8,12,0
14,16,9,11,1
7,23,2,18,1
15,15,10,10,0
6,24,1,19,1

# Change on 2023-01-02 09:45:51: fix: Resolve issues with interactive graph updates

# Change on 2023-01-03 15:33:08: feat: Integrate LIME and SHAP explainers into the dashboard

# Change on 2023-01-04 10:23:38: refactor: Modularize XAI method implementations

# Change on 2023-01-09 11:11:50: refactor: Modularize XAI method implementations

# Change on 2023-01-17 16:42:28: perf: Optimize visualization rendering for large datasets

# Change on 2023-01-30 14:55:08: refactor: Modularize XAI method implementations

# Change on 2023-02-01 14:09:21: build: Set up Dockerfile for dashboard deployment

# Change on 2023-02-03 11:28:36: security: Implement user authentication for dashboard access

# Change on 2023-02-03 12:49:31: feat: Integrate LIME and SHAP explainers into the dashboard

# Change on 2023-02-06 12:04:56: security: Implement user authentication for dashboard access

# Change on 2023-02-07 17:44:07: style: Apply consistent styling to dashboard components

# Change on 2023-02-10 16:32:28: fix: Correct data loading and preprocessing for XAI models

# Change on 2023-02-23 14:19:26: test: Add unit tests for XAI explanation generation

# Change on 2023-02-23 15:25:38: refactor: Improve dashboard layout and responsiveness

# Change on 2023-02-24 10:08:17: build: Set up Dockerfile for dashboard deployment

# Change on 2023-03-03 16:57:09: fix: Resolve issues with interactive graph updates

# Change on 2023-03-06 09:12:06: build: Set up Dockerfile for dashboard deployment

# Change on 2023-03-16 13:40:50: perf: Optimize visualization rendering for large datasets

# Change on 2023-03-20 10:03:02: feat: Add support for new XAI methods (e.g., Grad-CAM)

# Change on 2023-03-24 14:17:01: feat: Integrate LIME and SHAP explainers into the dashboard

# Change on 2023-03-28 17:00:31: docs: Update usage instructions for running the XAI dashboard

# Change on 2023-04-19 10:40:08: build: Set up Dockerfile for dashboard deployment

# Change on 2023-04-24 10:24:09: chore: Upgrade Dash and Plotly dependencies

# Change on 2023-05-05 16:01:27: chore: Upgrade Dash and Plotly dependencies

# Change on 2023-05-12 16:15:33: perf: Optimize visualization rendering for large datasets

# Change on 2023-05-15 17:32:49: chore: Clean up unused visualization assets

# Change on 2023-05-18 16:47:53: refactor: Improve dashboard layout and responsiveness

# Change on 2023-05-19 14:22:54: security: Implement user authentication for dashboard access

# Change on 2023-05-22 12:57:47: perf: Optimize visualization rendering for large datasets

# Change on 2023-05-29 14:57:08: fix: Resolve issues with interactive graph updates

# Change on 2023-05-29 14:02:32: security: Implement user authentication for dashboard access

# Change on 2023-05-30 17:02:30: refactor: Modularize XAI method implementations

# Change on 2023-06-09 17:34:22: test: Add unit tests for XAI explanation generation

# Change on 2023-06-13 10:49:41: refactor: Improve dashboard layout and responsiveness

# Change on 2023-06-15 16:40:50: docs: Update usage instructions for running the XAI dashboard

# Change on 2023-06-23 13:50:25: docs: Create detailed API documentation for XAI components

# Change on 2023-06-28 12:54:52: security: Implement user authentication for dashboard access

# Change on 2023-06-29 11:57:31: feat: Integrate LIME and SHAP explainers into the dashboard

# Change on 2023-07-04 11:47:15: feat: Integrate LIME and SHAP explainers into the dashboard

# Change on 2023-07-07 17:59:29: refactor: Improve dashboard layout and responsiveness

# Change on 2023-07-10 12:08:00: test: Add unit tests for XAI explanation generation

# Change on 2023-07-11 12:43:30: security: Implement user authentication for dashboard access

# Change on 2023-07-17 17:23:46: docs: Create detailed API documentation for XAI components

# Change on 2023-07-28 13:47:47: chore: Clean up unused visualization assets

# Change on 2023-07-28 10:32:22: fix: Resolve issues with interactive graph updates

# Change on 2023-08-02 16:17:53: test: Add unit tests for XAI explanation generation

# Change on 2023-08-03 11:01:04: docs: Update usage instructions for running the XAI dashboard

# Change on 2023-08-14 14:02:43: fix: Correct data loading and preprocessing for XAI models

# Change on 2023-08-18 12:04:25: feat: Integrate LIME and SHAP explainers into the dashboard

# Change on 2023-08-23 10:07:02: perf: Optimize visualization rendering for large datasets

# Change on 2023-08-24 16:30:26: style: Apply consistent styling to dashboard components

# Change on 2023-08-24 17:51:08: test: Add unit tests for XAI explanation generation

# Change on 2023-08-25 13:20:39: build: Set up Dockerfile for dashboard deployment

# Change on 2023-08-29 15:52:19: refactor: Improve dashboard layout and responsiveness

# Change on 2023-09-05 14:46:54: chore: Upgrade Dash and Plotly dependencies

# Change on 2023-09-05 09:05:52: docs: Update usage instructions for running the XAI dashboard

# Change on 2023-09-13 11:52:22: fix: Correct data loading and preprocessing for XAI models

# Change on 2023-09-15 11:41:15: docs: Create detailed API documentation for XAI components

# Change on 2023-09-15 11:54:02: build: Set up Dockerfile for dashboard deployment

# Change on 2023-09-19 15:13:42: fix: Resolve issues with interactive graph updates

# Change on 2023-09-20 09:39:28: feat: Integrate LIME and SHAP explainers into the dashboard

# Change on 2023-09-25 15:29:12: feat: Add support for new XAI methods (e.g., Grad-CAM)

# Change on 2023-09-28 13:24:06: build: Set up Dockerfile for dashboard deployment

# Change on 2023-10-02 15:49:15: fix: Resolve issues with interactive graph updates

# Change on 2023-10-05 11:03:26: chore: Upgrade Dash and Plotly dependencies

# Change on 2023-10-18 16:45:56: fix: Correct data loading and preprocessing for XAI models

# Change on 2023-10-19 17:00:49: test: Add unit tests for XAI explanation generation

# Change on 2023-10-19 10:45:56: chore: Upgrade Dash and Plotly dependencies

# Change on 2023-10-27 13:11:08: docs: Create detailed API documentation for XAI components

# Change on 2023-11-06 12:20:47: chore: Clean up unused visualization assets

# Change on 2023-11-08 11:40:11: security: Implement user authentication for dashboard access

# Change on 2023-11-10 16:22:20: feat: Integrate LIME and SHAP explainers into the dashboard

# Change on 2023-11-20 14:14:22: chore: Upgrade Dash and Plotly dependencies

# Change on 2023-11-24 16:02:43: test: Add unit tests for XAI explanation generation

# Change on 2023-11-28 13:36:07: chore: Clean up unused visualization assets

# Change on 2023-12-01 09:46:35: test: Add unit tests for XAI explanation generation

# Change on 2023-12-11 16:45:15: docs: Update usage instructions for running the XAI dashboard

# Change on 2023-12-13 15:01:14: fix: Correct data loading and preprocessing for XAI models

# Change on 2023-12-13 16:12:43: fix: Correct data loading and preprocessing for XAI models

# Change on 2023-12-25 12:21:41: chore: Upgrade Dash and Plotly dependencies

# Change on 2023-12-27 16:12:21: feat: Add support for new XAI methods (e.g., Grad-CAM)

# Change on 2024-01-01 14:21:45: security: Implement user authentication for dashboard access

# Change on 2024-01-02 17:54:16: build: Set up Dockerfile for dashboard deployment

# Change on 2024-01-03 17:47:09: style: Apply consistent styling to dashboard components

# Change on 2024-01-03 17:55:42: docs: Update usage instructions for running the XAI dashboard

# Change on 2024-01-15 12:04:46: build: Set up Dockerfile for dashboard deployment

# Change on 2024-01-19 10:27:21: perf: Optimize visualization rendering for large datasets

# Change on 2024-02-02 16:07:18: docs: Update usage instructions for running the XAI dashboard

# Change on 2024-02-09 16:07:02: security: Implement user authentication for dashboard access

# Change on 2024-02-12 13:47:50: perf: Optimize visualization rendering for large datasets

# Change on 2024-02-23 14:13:56: fix: Resolve issues with interactive graph updates

# Change on 2024-02-27 09:01:36: fix: Resolve issues with interactive graph updates

# Change on 2024-03-05 15:48:21: chore: Clean up unused visualization assets

# Change on 2024-03-06 13:14:46: refactor: Improve dashboard layout and responsiveness

# Change on 2024-03-07 16:00:33: style: Apply consistent styling to dashboard components

# Change on 2024-03-08 10:50:24: refactor: Improve dashboard layout and responsiveness

# Change on 2024-03-28 12:13:55: refactor: Improve dashboard layout and responsiveness

# Change on 2024-04-04 14:05:03: feat: Add support for new XAI methods (e.g., Grad-CAM)

# Change on 2024-04-08 09:15:32: security: Implement user authentication for dashboard access

# Change on 2024-04-10 12:40:42: chore: Upgrade Dash and Plotly dependencies

# Change on 2024-04-11 09:36:09: chore: Upgrade Dash and Plotly dependencies

# Change on 2024-04-24 15:08:14: test: Add unit tests for XAI explanation generation

# Change on 2024-04-26 11:31:36: feat: Add support for new XAI methods (e.g., Grad-CAM)

# Change on 2024-04-29 17:14:24: chore: Clean up unused visualization assets

# Change on 2024-04-29 15:07:16: test: Add unit tests for XAI explanation generation

# Change on 2024-05-13 16:07:25: feat: Add support for new XAI methods (e.g., Grad-CAM)

# Change on 2024-05-15 13:59:00: feat: Add support for new XAI methods (e.g., Grad-CAM)

# Change on 2024-05-16 13:32:59: chore: Upgrade Dash and Plotly dependencies

# Change on 2024-06-04 11:53:57: style: Apply consistent styling to dashboard components

# Change on 2024-06-04 09:39:22: security: Implement user authentication for dashboard access

# Change on 2024-06-20 10:03:13: test: Add unit tests for XAI explanation generation

# Change on 2024-06-27 11:52:31: docs: Update usage instructions for running the XAI dashboard

# Change on 2024-07-04 15:51:35: perf: Optimize visualization rendering for large datasets

# Change on 2024-07-05 16:59:08: chore: Clean up unused visualization assets

# Change on 2024-07-15 10:20:14: refactor: Improve dashboard layout and responsiveness

# Change on 2024-07-19 14:56:06: fix: Correct data loading and preprocessing for XAI models

# Change on 2024-07-24 10:15:56: docs: Update usage instructions for running the XAI dashboard

# Change on 2024-07-25 13:34:17: fix: Resolve issues with interactive graph updates

# Change on 2024-07-25 14:14:58: refactor: Modularize XAI method implementations

# Change on 2024-07-29 09:37:45: security: Implement user authentication for dashboard access

# Change on 2024-08-02 16:22:31: refactor: Modularize XAI method implementations

# Change on 2024-08-09 15:36:34: security: Implement user authentication for dashboard access

# Change on 2024-08-20 15:04:45: feat: Add support for new XAI methods (e.g., Grad-CAM)

# Change on 2024-08-20 16:04:25: fix: Resolve issues with interactive graph updates

# Change on 2024-08-21 09:29:50: fix: Correct data loading and preprocessing for XAI models

# Change on 2024-08-22 14:21:07: refactor: Modularize XAI method implementations

# Change on 2024-08-23 15:31:42: build: Set up Dockerfile for dashboard deployment

# Change on 2024-08-28 13:07:32: docs: Update usage instructions for running the XAI dashboard

# Change on 2024-08-28 09:02:16: test: Add unit tests for XAI explanation generation

# Change on 2024-08-30 09:42:30: perf: Optimize visualization rendering for large datasets

# Change on 2024-09-02 17:46:40: build: Set up Dockerfile for dashboard deployment

# Change on 2024-09-04 15:53:09: fix: Correct data loading and preprocessing for XAI models

# Change on 2024-09-04 11:07:24: feat: Integrate LIME and SHAP explainers into the dashboard

# Change on 2024-09-11 12:03:23: security: Implement user authentication for dashboard access

# Change on 2024-09-17 10:00:30: fix: Correct data loading and preprocessing for XAI models

# Change on 2024-09-17 10:20:46: style: Apply consistent styling to dashboard components

# Change on 2024-09-18 14:37:01: docs: Update usage instructions for running the XAI dashboard

# Change on 2024-09-20 15:39:31: build: Set up Dockerfile for dashboard deployment

# Change on 2024-09-24 09:06:44: docs: Create detailed API documentation for XAI components

# Change on 2024-09-27 13:56:39: fix: Correct data loading and preprocessing for XAI models

# Change on 2024-09-27 11:49:38: build: Set up Dockerfile for dashboard deployment

# Change on 2024-10-02 17:31:24: security: Implement user authentication for dashboard access

# Change on 2024-10-03 14:03:01: fix: Resolve issues with interactive graph updates

# Change on 2024-10-11 10:00:02: fix: Correct data loading and preprocessing for XAI models

# Change on 2024-10-11 15:08:04: docs: Create detailed API documentation for XAI components

# Change on 2024-10-15 10:15:51: fix: Correct data loading and preprocessing for XAI models

# Change on 2024-10-24 16:07:38: fix: Resolve issues with interactive graph updates

# Change on 2024-10-24 15:47:00: feat: Integrate LIME and SHAP explainers into the dashboard
